,substation,x,y,dist_feeders
0,CHITTENANGO,-8445879.449,5318078.102,1.0
1,PEBBLE HILL,-8467760.208,5315551.566,2.0
2,217 WALMORE,-8786082.015,5327484.143,
3,BYRON STATION,-8690029.781,5324569.873,1.0
4,GASPORT,-8747195.427,5343521.084,1.0
5,MIDDLEPORT,-8735869.955,5343833.339,1.0
6,LIVONIA,-8646262.881,5284715.425,1.0
7,BATAVIA STATION,-8704498.728,5311384.13,2.0
8,GRANBY CENTER,-8512331.045,5362070.399,1.0
9,NEW HAVEN,-8495339.781,5384517.312,1.0
10,MCGRAW,-8471699.47,5250217.361,1.0
11,GLENWOOD,-8480153.791,5315311.081,1.0
12,STARR RD,-8482428.15,5248780.254,1.0
13,LEHIGH,-8432462.226,5362472.517,1.0
14,PETERBORO,-8432488.522,5326450.595,1.0
15,60 HAUSAUER RD,-8766934.685,5315022.969,2.0
16,209 LONG RD,-8792468.659,5319646.856,1.0
17,STATION 25,-8783434.301,5303964.159,3.0
18,78 FASSETT ST,-8779056.736,5317470.585,5.0
19,21 MAIN,-8772323.044,5306585.513,2.0
20,71 S. NEWFANE,-8758700.765,5347311.323,1.0
21,CHASM FALLS,-8261790.322,5582846.159,1.0
22,NICHOLVILLE,-8309350.973,5573759.055,3.0
23,LOON LAKE,-8244077.79,5550640.495,1.0
24,DAVID,-8401682.432,5573646.421,1.0
25,STATION 45,-8780761.989,5303142.194,2.0
26,132 BUELL AVE,-8764384.827,5301135.333,1.0
27,155 ROBERTS,-8773653.386,5291672.075,1.0
28,212 HARBOR FRONT,-8777356.088,5283436.094,1.0
29,DEBALSO,-8381713.266,5325009.071,1.0
30,CLINTON CRCC,-8390631.862,5320222.72,1.0
31,FINE,-8363729.763,5504213.628,1.0
32,LITTLE RIVER,-8366176.955,5556000.049,3.0
33,THOUSAND ISLANDS,-8461899.32,5505270.328,1.0
34,MALTA,-8215296.771,5306548.211,1.0
35,FRONT ST,-8231117.439,5284816.509,2.0
36,SAND CREEK RD,-8218153.017,5271148.209,1.0
37,KNAPP RD,-8735293.141,5313881.892,1.0
38,INDIAN RIVER,-8440559.66,5477050.722,2.0
39,LOWVILLE,-8401987.698,5432333.98,2.0
40,PARISH,-8475519.302,5373544.171,1.0
41,ASH ST,-8477579.038,5320890.019,7.0
42,SENTINEL HEIGHTS,-8473141.833,5304649.692,2.0
43,MILL ST,-8449865.958,5461961.784,1.0
44,207 SLADE AVE,-8770119.665,5286195.339,1.0
45,HOAG,-8183599.196,5247311.445,1.0
46,CORINTH,-8218775.352,5349680.079,1.0
47,MC CREA ST,-8192597.812,5353298.21,1.0
48,NEW KRUMKILL,-8218230.937,5260536.468,2.0
49,EVERETT RD,-8211943.377,5265699.462,1.0
50,GILMANTOWN,-8276028.328,5387138.788,1.0
51,GRAND ST,-8291073.962,5262029.939,1.0
52,SHARON,-8298657.372,5276666.894,1.0
53,EPHRATAH,-8297418.856,5313448.506,2.0
54,RENSSELAER,-8209131.442,5256665.557,1.0
55,ELSMERE,-8216427.307,5255476.43,1.0
56,CARTHAGE,-8416785.583,5461766.098,1.0
57,FORTS FERRY,-8211817.94,5276079.235,1.0
58,MAPLEWOOD,-8205186.945,5273299.623,2.0
59,RAQUETTE LAKE,-8310533.675,5435904.533,1.0
60,WALESVILLE,-8387396.976,5330775.108,
61,SODEMAN RD,-8226113.693,5322190.965,
62,CENTRAL SQUARE STATION,-8475777.856,5357236.923,
63,BUTLER,-8199879.472,5351377.798,1.0
64,BUFF AVE STA,-8798957.583,5324228.585,2.0
65,RIFLE RANGE,-8221895.774,5269804.082,1.0
66,BURDECK ST,-8238298.583,5280324.021,1.0
67,FT. COVINGTON,-8292485.397,5618872.385,1.0
68,COLLAMER CROSSING,-8465114.759,5328072.149,
69,66 UNION RD & MECHANIC ST,-8767013.572,5296065.523,1.0
70,FAYETTE ST,-8478803.467,5319082.942,1.0
71,BRIDGEPORT,-8456695.879,5334222.021,1.0
72,ORANGEVILLE STATION,-8711140.552,5277349.515,1.0
73,LYNDONVILLE,-8725951.982,5361638.818,1.0
74,YORK CTR,-8668558.903,5292475.923,
75,WHITAKER,-8505150.428,5363110.428,
76,WEST CLEVELAND,-8453488.097,5349058.31,
77,LYSANDER,-8496161.999,5338595.248,1.0
78,CUYLER,-8455784.615,5272292.424,1.0
79,EUCLID,-8484498.518,5339857.958,1.0
80,CORTLAND,-8477225.684,5250520.142,2.0
81,EDEN CENTER,-8783218.63,5258752.323,3.0
82,NORTH COLLINS,-8788200.46,5250552.156,1.0
83,ROME,-8399399.358,5343221.332,1.0
84,MADISON,-8398076.577,5348591.873,1.0
85,22 KENMORE,-8775425.446,5305562.315,1.0
86,76 SHAWNEE,-8776575.848,5333708.635,1.0
87,82 11TH ST,-8799744.533,5328169.652,2.0
88,80 EIGHTH ST,-8800124.282,5325959.304,1.0
89,BLOOMINGDALE,-8247165.127,5528000.563,1.0
90,161 SHORT ST,-8782197.32,5303851.19,1.0
91,STATION 41,-8779293.291,5292893.326,1.0
92,NEWTON FALLS,-8348223.437,5498388.273,2.0
93,ST REGIS,-8311547.851,5617008.83,1.0
94,HIGLEY,-8341524.951,5547875.201,1.0
95,OGDENSBURG,-8404002.225,5573223.87,3.0
96,EDWARDS,-8376382.943,5516734.488,1.0
97,CROWN POINT,-8173016.627,5457905.971,1.0
98,STONER,-8273520.342,5309884.492,1.0
99,SMITH BRIDGE,-8212200.655,5329443.518,1.0
100,WEIBEL,-8209394.309,5326347.187,
101,SEMINOLE,-8216445.203,5262084.934,1.0
102,HEMST,-8194287.325,5297927.596,1.0
103,PIERCEFIELD,-8300608.398,5501525.915,1.0
104,FABIUS,-8459548.098,5287656.272,2.0
105,232 OAKWOOD,-8767033.958,5325097.851,1.0
106,24 KENMORE,-8780589.226,5305647.939,1.0
107,229 RENAISSANCE DR,-8762596.461,5311285.586,1.0
108,SARATOGA,-8212555.186,5325667.691,3.0
109,HUDSON FALLS,-8192225.23,5355675.774,1.0
110,FARNAN RD MINI,-8193501.743,5355664.497,1.0
111,PATROON,-8216367.938,5264747.778,2.0
112,WARRENSBURG,-8212684.739,5386540.098,
113,INDIAN LAKE,-8267063.233,5431139.327,1.0
114,RUTH RD,-8223621.899,5273602.856,1.0
115,BATTENKILL,-8187561.834,5327293.428,2.0
116,DELANSON,-8259942.666,5275615.315,1.0
117,MC CLELLAN,-8228016.081,5282317.994,1.0
118,EAST WORCESTER,-8312366.709,5254224.434,1.0
119,SCHENEVUS,-8328822.734,5242971.497,1.0
120,SELKIRK,-8217340.736,5243019.949,1.0
121,GLOVERSVILLE,-8275980.109,5321387.157,2.0
122,CAROGA,-8293209.741,5331039.389,1.0
123,LATHAM,-8212651.287,5274745.064,1.0
124,MENANDS,-8207700.54,5264215.56,6.0
125,VALLEY CRCC,-8346990.527,5316966.181,
126,OGDENBROOK,-8202183.28,5358980.429,1.0
127,DELEVAN,-8735250.749,5234618.293,1.0
128,684 RIVERWALK,-8785608.749,5312436.047,
129,ROCK CITY,-8334162.607,5316788.452,1.0
130,NORTH EPHRATAH,-8294799.319,5318822.948,
131,LABRADOR,-8463167.36,5269947.998,2.0
132,SWAGGERTOWN RD,-8232918.254,5295782.452,1.0
133,NORTH BAYNGOR,-8282495.555,5597926.654,1.0
134,BARTELL,-8475130.164,5346049.895,1.0
135,BRASHER,-8324825.585,5592924.408,1.0
136,SUMMIT,-8297720.452,5257522.769,2.0
137,WELCH AVE METAL CLAD,-8798027.703,5325383.917,
138,214 STATION,-8778150.493,5311959.102,1.0
139,LAKEPORT,-8446154.08,5332760.785,
140,49 BEST,-8779374.328,5297346.595,1.0
141,LINDEN STATION,-8697589.82,5293976.663,1.0
142,BROCKPORT,-8678095.702,5344368.032,4.0
143,GENESEO,-8655436.229,5280114.513,1.0
144,E BAYTAVIA STATION,-8698389.255,5310451.147,1.0
145,LORINGS,-8477012.877,5255404.857,1.0
146,BUCKLEY,-8478155.545,5331369.751,1.0
147,LANGFORD,-8775179.333,5247910.345,1.0
148,MILLER ST,-8480843.079,5253164.323,1.0
149,124 ALAMEDA AVE,-8774145.426,5309629.755,1.0
150,63 HIGHLAND,-8776991.491,5308042.722,2.0
151,216 LOCKPORT RD,-8796284.574,5329963.314,1.0
152,97 SUMMIT PARK,-8786003.547,5325419.167,1.0
153,WESTVILLE,-8281518.604,5611919.769,
154,MORRISTOWN,-8420272.659,5555174.871,1.0
155,EAST WATERTOWN,-8444086.433,5455964.298,1.0
156,154 GEORGE URBAN,-8768375.437,5299541.644,1.0
157,STATION 26,-8777053.933,5303965.961,2.0
158,121 CLINTON ST,-8768734.441,5291539.203,1.0
159,LAKE SHORE,-8777545.935,5279170.067,
160,ARNOLD,-8378780.297,5325593.587,2.0
161,NORWOOD,-8349371.793,5581357.671,1.0
162,MC ADOO,-8383221.331,5554117.733,1.0
163,EAST NORFOLK,-8347291.039,5589912.069,1.0
164,DEKALB E.S.,-8375949.141,5542177.664,1.0
165,WHITEHALL,-8168645.096,5396115.498,
166,DUGUID,-8457656.225,5316833.188,1.0
167,BURGOYNE,-8189154.184,5359971.257,1.0
168,COMSTOCK,-8172206.257,5382368.202,1.0
169,GALEVILLE,-8481567.865,5325698.029,1.0
170,LERAY,-8437675.326,5467209.23,1.0
171,ANTWERP,-8417278.842,5496853.605,1.0
172,HINSDALE,-8490029.728,5319008.042,1.0
173,EAST EAST SPRINGFIELD,-8327065.149,5286042.382,1.0
174,WEHRLE DR,-8762313.087,5305407.08,
175,CARDIFF,-8475580.76,5295306.177,2.0
176,RANDALL RD,-8228744.437,5308410.84,2.0
177,S. PHILADELPHIA,-8428928.027,5487675.186,2.0
178,KARNER,-8219538.314,5269478.168,1.0
179,BIRCH AVENUE,-8206531.674,5375047.466,1.0
180,COLLINSVILLE,-8391763.63,5405575.747,1.0
181,COBLESKILL,-8291666.386,5264603.027,2.0
182,EAST SCHODACK,-8197314.438,5245554.538,1.0
183,LIMA,-8639885.646,5297633.171,1.0
184,SHERMAN,-8366550.617,5353702.661,1.0
185,EAST FULTON,-8504826.371,5362252.417,1.0
186,BELMONT,-8484325.596,5331210.228,2.0
187,STATE ST,-8367452.682,5560056.052,1.0
188,NORTH CARTHAGE,-8414132.296,5463658.898,2.0
189,OHIO CHILDS MITS,-8779420.462,5290771.237,
190,GROOMS,-8218570.016,5286862.497,1.0
191,TEALL AVE,-8473974.488,5325503.417,5.0
192,CAZENOVIA,-8443099.501,5302421.456,2.0
193,MANLIUS,-8457670.24,5312108.075,
194,DARIEN STATION,-8726259.069,5300334.18,1.0
195,W HAMLIN,-8677981.075,5356936.71,
196,ROYALTON,-8742869.858,5334184.024,1.0
197,ALBION,-8704194.827,5349836.05,
198,BASOM STATION,-8726508.645,5321590.135,1.0
199,ELBA STATION,-8703680.485,5322917.028,1.0
200,PALOMA,-8516692.705,5379334.824,1.0
201,SANDY CREEK 66,-8470210.119,5410466.204,1.0
202,THIRD ST,-8506582.627,5358720.557,1.0
203,FAIRDALE,-8521261.54,5361662.517,1.0
204,SORRELL HILL,-8499701.341,5335488.335,1.0
205,FISHER,-8481213.875,5253797.483,1.0
206,SAND RD,-8476048.201,5328604.214,
207,COLLINS,-8784636.321,5235381.195,1.0
208,TURIN RD,-8401635.185,5356279.664,1.0
209,STATION 126,-8782211.744,5313535.166,1.0
210,74 MILITARY,-8781157.846,5312255.859,3.0
211,56 WILLOWDALE & BAYRTON,-8781670.955,5309442.094,2.0
212,23 KENMORE,-8777712.433,5305637.756,1.0
213,E. DUNKIRK,-8829036.971,5234098.675,2.0
214,88 YOUNGSTOWN,-8799514.922,5349252.209,1.0
215,105 SWANN RD,-8793031.933,5342460.624,2.0
216,HAMMOND,-8426011.25,5535305.637,1.0
217,81 BEACH AVE,-8799325.64,5329456.703,1.0
218,STATION 28,-8773529.252,5301753.818,1.0
219,68 ELMWOOD,-8780582.083,5298553.171,1.0
220,42 OHIO,-8779443.506,5290736.547,1.0
221,CONKLING,-8374165.385,5325574.426,1.0
222,NORTH GOVERNEUR,-8402092.168,5518930.074,1.0
223,LYME E.S.,-8474297.542,5477386.297,1.0
224,CEDAR,-8193449.827,5361014.479,1.0
225,PORT HENRY,-8179672.19,5474007.452,1.0
226,ST JOHNSVILLE,-8314061.675,5311473.804,2.0
227,CENTER ST,-8279565.232,5305600.791,1.0
228,ELNORA,-8219604.361,5295480.822,1.0
229,210 MILITARY RD,-8791070.054,5326102.287,1.0
230,ALTAMONT,-8237166.511,5267919.351,2.0
231,ROCK CITY FALLS,-8228132.295,5321282.029,1.0
232,GENESEE ST,-8208612.578,5261836.816,1.0
233,BOLTON,-8200526.008,5396649.8,1.0
234,LIBERTY,-8203694.646,5270265.673,4.0
235,RUSSELL RD,-8214176.618,5264003.033,1.0
236,VAIL MILLS,-8261843.434,5318745.031,2.0
237,MIDDLEBURG,-8274588.909,5251616.466,1.0
238,SCHOHARIE,-8271497.778,5262368.009,1.0
239,AVENUE A,-8214201.316,5259479.302,1.0
240,COFFEEN,-8454539.863,5463793.753,3.0
241,EAGLE BAY,-8328045.643,5429737.518,1.0
242,WHITE LAKE,-8364796.946,5395004.094,
243,CURRY RD,-8230137.34,5275730.486,2.0
244,CHRISLER AVE,-8230848.309,5280008.089,1.0
245,TWO MILE CREEK STATION,-8783254.024,5311476.93,
246,TIBBETS AVE,-8201935.279,5270281.108,1.0
247,FLORIDA,-8265116.609,5302190.48,1.0
248,AUSABLE FORKS,-8202812.126,5535748.171,1.0
249,83 WELCH AVE,-8797988.236,5325355.708,1.0
250,ATTICA STATION,-8713095.54,5291497.921,1.0
251,AVON,-8653641.892,5298202.762,1.0
252,INMAN RD,-8222625.566,5279963.051,2.0
253,BUTTS RD,-8701444.122,5348741.913,2.0
254,SONORA WAY,-8651347.709,5287497.051,
255,86 LEWISTON HEIGHTS,-8797442.791,5335201.371,1.0
256,RIVER RD,-8200670.799,5293361.984,1.0
257,FAY ST,-8505322.958,5359743.847,
258,NEW ROYAL  2715,-8795974.239,5324994.752,
259,LASHER RD,-8229880.845,5308496.923,
260,HOPKINS,-8479540.717,5328654.857,2.0
261,SO. ROBERTS RD,-8829458.541,5233895.389,1.0
262,SHEPPARD STATION,-8689524.85,5293967.825,2.0
263,EAGLE HARBOR,-8711091.943,5348014.403,1.0
264,HEMLOCK,-8639353.726,5280674.133,1.0
265,GILBERT MILLS,-8487955.247,5358661.537,1.0
266,WINE CREEK,-8514549.554,5383344.469,
267,TRUXTON,-8463122.25,5268386.711,2.0
268,NORTH ASHFORD,-8760984.797,5232030.771,1.0
269,DELAMETER RD,-8794384.592,5260692.204,1.0
270,PERRYSBURG,-8799419.017,5238780.615,1.0
271,93 WILSON,-8774975.813,5356804.547,1.0
272,LAKE COLBY,-8251890.841,5520141.226,4.0
273,STATION 162,-8776992.536,5301204.077,2.0
274,146 WALDEN AVE,-8764529.732,5297838.426,2.0
275,STATION 46,-8774592.915,5286706.811,2.0
276,142 LEHIGH AVE,-8776313.759,5284718.262,2.0
277,STATION 11,-8775147.192,5283888.323,
278,38 SPRING,-8778474.749,5295328.143,1.0
279,PLEASANT,-8376882.263,5325272.032,1.0
280,LAWRENCE AVE,-8345688.286,5571086.159,2.0
281,STAR LAKE,-8348109.705,5491406.901,1.0
282,BALMAT,-8393241.451,5504564.66,1.0
283,SPRINGFIELD RD,-8469305.537,5319798.159,
284,HAGUE,-8175971.032,5441573.847,1.0
285,SCOFIELD,-8219654.564,5365933.367,1.0
286,PINEBUSH,-8224928.623,5266630.056,2.0
287,PARTRIDGE ST,-8212904.431,5261602.575,1.0
288,ONEIDA,-8419245.898,5327521.349,2.0
289,EAST MOLLOY RD,-8471333.292,5326744.474,1.0
290,HARRIS RD,-8485903.32,5314597.337,2.0
291,EAST GOLAH,-8648798.897,5304136.973,2.0
292,AKWESASNE,-8318283.249,5617402.428,2.0
293,EMMET,-8230314.865,5282432.814,2.0
294,BOMBAY E.S.,-8301677.262,5611908.527,1.0
295,FRENCH MOUNTAIN,-8203741.666,5368367.561,1.0
296,UNION ST,-8169746.394,5314584.746,1.0
297,HOOSICK,-8166109.932,5298600.525,2.0
298,MAYFIELD,-8267378.331,5328397.877,1.0
299,SCHUYLERVILLE,-8191109.582,5326752.909,1.0
300,BETHLEHEM,-8215371.55,5251699.363,3.0
301,HILL ST,-8276989.241,5317607.914,1.0
302,QUAIL HOLLOW,-8211605.734,5250646.877,1.0
303,MARKET HILL,-8258239.149,5305262.252,1.0
304,RICHMOND,-8630957.755,5280060.708,1.0
305,MIDDLEVILLE,-8345085.283,5333479.979,
306,SO. WASHINGTON ST,-8346888.311,5314840.654,1.0
307,NEW FRANKHAUSER  STATION,-8770508.482,5309143.317,
308,NEW 85 STEPHENSON AVE,-8791808.696,5324055.883,
309,55 ELECTRIC AVE,-8775212.073,5282414.915,1.0
310,SYCAWAY,-8198643.665,5272568.787,2.0
311,WHITESBORO,-8380478.652,5329869.579,
312,MOIRA,-8297690.254,5593823.017,1.0
313,HOMER,-8479887.672,5256855.543,2.0
314,122 SOMMER ST,-8781074.054,5317078.939,2.0
315,BREWERTON,-8476220.878,5347967.829,1.0
316,POMPEY,-8463637.847,5300181.793,1.0
317,PINE GROVE,-8471042.859,5334890.121,2.0
318,HANCOCK 2,-8473811.092,5327126.286,
319,PARK ST,-8476207.882,5321610.987,1.0
320,BARKER STATION,-8744460.802,5363531.432,1.0
321,N LEROY STATION,-8682049.572,5310198.265,1.0
322,CAVANAUGH,-8379214.612,5333521.449,1.0
323,NILES,-8509216.598,5289949.338,2.0
324,MILTON AVE,-8491559.456,5320001.498,1.0
325,NORTH EDEN,-8782153.609,5260879.04,1.0
326,140 MAPLE RD,-8766928.354,5310729.579,1.0
327,58 HARLEM RD,-8770068.659,5306638.932,3.0
328,STATION 47,-8786367.449,5307700.659,1.0
329,57 COLVIN,-8777886.559,5310118.937,1.0
330,89 RANSOMVILLE,-8783198.467,5347779.77,1.0
331,NORTH LAWRENCE,-8312914.658,5589573.759,1.0
332,GABRIELS,-8258262.277,5532533.177,1.0
333,FRANKLIN,-8234607.461,5533304.401,2.0
334,RIVERVIEW,-8224345.74,5556923.496,1.0
335,160 SUMMER ST,-8780369.915,5297447.548,2.0
336,203 STATION,-8781226.472,5295174.268,
337,48 GELSTON,-8782958.92,5299325.464,2.0
338,32 BAYILEY,-8773558.837,5300104.822,1.0
339,139 MARTIN RD,-8773151.361,5284005.433,1.0
340,27 JEWETT AVE,-8776491.704,5301977.674,1.0
341,35 WALDEN,-8775871.328,5297288.206,1.0
342,39 WILLIAM,-8776396.128,5294541.13,1.0
343,40 WILLIAM STA,-8773740.416,5294496.193,1.0
344,STATION 33,-8782111.022,5297554.993,1.0
345,CHADWICKS,-8378846.566,5317770.744,1.0
346,BRADY,-8366650.588,5588313.183,1.0
347,BRIER HILL,-8422708.166,5546304.937,1.0
348,OTTEN,-8174468.686,5411734.255,1.0
349,HENRY ST,-8198047.485,5358459.421,1.0
350,224 SWEET HOME,-8772217.398,5315734.043,2.0
351,MEXICO,-8485511.081,5382176.018,1.0
352,CONESUS LAKE,-8650954.12,5268583.259,1.0
353,LAKEVIEW,-8787777.431,5268126.267,1.0
354,211 AYER RD,-8762430.952,5311283.094,1.0
355,DELAWARE AVE,-8212654.324,5257726.612,2.0
356,BALLSTON,-8221926.852,5311799.022,2.0
357,PORTAGE ST,-8452010.989,5461171.432,1.0
358,UNIONVILLE,-8226074.227,5250930.539,1.0
359,SCOTIA,-8232603.57,5286741.404,2.0
360,SHORE RD,-8223833.383,5298382.841,1.0
361,POTTERSVILLE,-8217816.365,5423437.447,1.0
362,SCHROON LAKE,-8211565.34,5440389.695,1.0
363,WELLS,-8269430.925,5371312.244,
364,NASSAU,-8194431.635,5238457.384,1.0
365,DEXTER,-8465303.701,5465341.596,2.0
366,GILPIN BAY,-8276411.411,5509275.729,1.0
367,SCHUYLER,-8368034.166,5325543.227,2.0
368,FRANKFORT,-8355842.922,5317627.612,1.0
369,WATT ST,-8229156.216,5280028.843,
370,DORWIN,-8476821.412,5309489.368,1.0
371,OAKFIELD STATION,-8713907.629,5321538.084,2.0
372,CAMILLUS,-8494038.632,5318449.395,1.0
373,UNION,-8227955.882,5544796.072,1.0
374,TRINITY,-8210657.408,5257854.374,2.0
375,FAIRMOUNT,-8486654.335,5316602.171,
376,DELMAR,-8219216.671,5254917.447,2.0
377,CLINTON ERCC,-8303292.015,5296889.64,1.0
378,87 LEWISTON,-8798748.569,5338797.897,1.0
379,PHOENIX,-8493787.052,5347090.383,1.0
380,BOYNTONVILLE,-8175973.839,5287865.661,1.0
381,JOHNSON,-8209064.173,5276239.269,2.0
382,JEWETT,-8508693.884,5306881.951,1.0
383,PERRY ST,-8777288.226,5292306.748,
384,CLOVERBANK,-8782299.486,5273430.361,1.0
385,WESTMORELAND,-8393497.321,5327291.885,
386,BUTTERNUT,-8465236.128,5319489.789,1.0
387,RIDGE RD,-8445778.933,5310854.658,1.0
388,COURT ST,-8473966.638,5324686.623,
389,MINOA,-8461549.384,5322678.874,2.0
390,WETHERSFIELD STATION,-8710830.161,5264251.068,
391,SHELBY,-8723972.342,5344776.933,2.0
392,WATERPORT,-8709103.418,5361869.572,
393,LAKEVILLE,-8651250.065,5286795.01,1.0
394,CLEVELAND,-8447867.25,5348277.958,1.0
395,TULLER HILL,-8475796.591,5239303.228,1.0
396,LEVITT,-8401454.537,5346271.055,1.0
397,122 SOMMER ST,-8781113.837,5317063.641,2.0
398,129 BROMPTON,-8776237.93,5312231.199,2.0
399,77 EAST AVE,-8779835.372,5315069.503,1.0
400,170 NEWFANE,-8760381.97,5355210.315,1.0
401,206 TONAWANDA CREEK,-8772134.402,5320521.443,2.0
402,BREMEN,-8392433.904,5447140.956,1.0
403,29 POTOMAC,-8781646.243,5300381.141,1.0
404,52 HERTEL,-8780509.885,5304067.292,2.0
405,34 BEST ST,-8777758.902,5297316.813,2.0
406,43 SENECA ST,-8773981.301,5291001.063,2.0
407,DEERFIELD,-8372921.658,5333948.558,2.0
408,STJOES,-8352434.595,5544605.949,
409,LISBON E.S.,-8384767.064,5578335.538,1.0
410,MIDLER,-8471016.041,5324804.795,1.0
411,CHURCH ST,-8257147.349,5302460.45,2.0
412,SCHODACK,-8205844.584,5243547.038,1.0
413,JUNIPER,-8220841.385,5252104.206,1.0
414,WESTVALE,-8485240.759,5319400.728,
415,TEMPLE ST,-8477262.592,5318033.813,2.0
416,BROOK RD,-8219098.064,5324550.495,2.0
417,SOUTH ST,-8214614.314,5323156.573,1.0
418,PERRYVILLE,-8441095.53,5313733.422,1.0
419,LIGHTHOUSE HILL,-8457113.794,5391963.209,1.0
420,E.J. WEST HYDRO,-8228717.502,5360512.348,1.0
421,PORT LEYDEN,-8388018.195,5400411.734,1.0
422,NORTH CREEK,-8234501.171,5416343.71,2.0
423,GREENBUSH,-8205897.468,5252159.948,3.0
424,JOHNSTOWN,-8279480.966,5314285.296,2.0
425,NORTH TROY,-8197258.281,5279617.765,3.0
426,OATHOUT,-8212800.41,5272223.951,1.0
427,ALDER CREEK,-8374086.858,5376291.216,2.0
428,REYNOLDS RD,-8202848.771,5262285.536,3.0
429,INGHAMS,-8322644.163,5321156.643,3.0
430,127 DELAWARE RD,-8779274.116,5308359.039,2.0
431,36 SUMNER PL,-8773228.098,5297053.417,1.0
432,TERMINA,-8374163.076,5329018.379,2.0
433,NORTHVILLE,-8258562.466,5346797.989,2.0
434,LANSINGBURGH,-8201785.623,5276049.706,2.0
435,YAHNUNDASIS,-8386161.367,5325533.617,
436,PORTABLE SUB,-8711130.725,5347968.225,
437,SOUTHLAND,-8744096.278,5362441.404,1.0
438,PEAT ST,-8473403.671,5319845.953,1.0
439,BRIDGE ST,-8468215.967,5320424.655,1.0
440,FLY RD,-8466678.783,5324986.591,1.0
441,SOUTHWOOD,-8469616.694,5310731.511,1.0
442,HANCOCK,-8473701.451,5327102.802,2.0
443,BALLINA,-8442544.924,5298051.936,1.0
444,37 HUDSON AVE,-8781348.909,5296445.093,1.0
445,CORFU STATION,-8728173.596,5306351.738,1.0
446,W ALBION,-8707913.714,5348607.188,
447,LIVINGSTON COUNTY CORRECTIONALNAL,-8663661.249,5263892.904,1.0
448,GROVELAND,-8656856.603,5260932.648,1.0
449,MUMFORD,-8667076.816,5310205.352,1.0
450,LAKE RD,-8506021.103,5390809.16,1.0
451,EAST PULASKI,-8471857.167,5395580.731,1.0
452,WEST MONROE,-8467988.467,5354240.221,
453,CONSTANTIA,-8460394.954,5350247.518,1.0
454,STILES,-8490649.679,5329686.18,2.0
455,TULLY CENTER,-8472617.22,5280148.136,1.0
456,STATION 64,-8788709.022,5315457.061,2.0
457,STATION 208,-8782936.517,5306783.232,2.0
458,54 MAIN,-8767849.115,5305941.134,2.0
459,79 RIDGE ST,-8780422.674,5319272.129,1.0
460,STATION 61,-8768574.543,5302854.839,2.0
461,STATION 67,-8762358.564,5306743.969,1.0
462,130 NIAGARA FALLS BLVD,-8774372.175,5313321.435,1.0
463,BENNETT RD,-8830122.762,5232302.713,2.0
464,RAYBROOK ES,-8246852.749,5512209.064,1.0
465,PAUL SMITHS,-8264492.981,5532224.44,1.0
466,MALONE,-8270186.233,5594659.272,3.0
467,PARISHVILLE,-8329508.186,5563507.261,1.0
468,85 STEPHENSON AVE,-8791846.427,5324062.534,1.0
469,53 BAYILEY,-8773533.56,5303187.974,1.0
470,213 DALE RD,-8768409.434,5297288.734,1.0
471,30 SPILLMAN,-8778145.51,5300082.641,2.0
472,44 SOUTH PARK,-8774578.674,5288641.674,3.0
473,205 ERIE DRIVE,-8781480.575,5294483.584,1.0
474,51 ELK ST,-8775426.31,5291595.783,1.0
475,31 STATION,-8776481.049,5300134.23,
476,WEST ADAMS,-8468371.442,5437496.311,
477,SUNDAY CREEK,-8364103.552,5445582.169,1.0
478,MCBRIDE,-8476311.856,5317726.851,
479,MCKOWNVILLE,-8220153.21,5264001.982,2.0
480,WOLF RD,-8215674.865,5269365.612,
481,FIREHOUSE,-8209990.597,5285093.622,1.0
482,NEWARK ST,-8204701.607,5276667.436,1.0
483,DEPOT RD,-8233598.026,5263833.592,
484,COLOSSE,-8478088.99,5376709.09,1.0
485,LORDS HILL,-8484868.331,5298248.9,1.0
486,SEWALL'S ISLAND,-8448582.565,5461991.091,1.0
487,WILTON,-8209916.365,5339732.622,
488,SAND RD 2,-8476035.777,5328625.687,
489,CORLISS PARK,-8200604.529,5279689.537,1.0
490,FORT GAGE,-8205496.579,5374364.375,1.0
491,CHESTERTOWN,-8216354.077,5411826.682,1.0
492,ASHLEY,-8181728.316,5376195.223,1.0
493,COLVIN AVE,-8214649.8,5263392.184,1.0
494,COMMERCE AVE,-8212766.27,5262823.328,1.0
495,RIVERSIDE,-8208688.694,5260620.514,3.0
496,QUEENSBURY,-8200297.605,5363074.715,3.0
497,RIPARIUS,-8226679.292,5413574.159,1.0
498,WEAVER ST,-8232048.168,5282408.82,
499,WORCESTER,-8321459.995,5250814.644,
500,SEVENTH AVE,-8202169.75,5273416.713,1.0
501,SALISBURY ES,-8331729.518,5322000.294,2.0
502,OLD FORGE,-8346735.766,5419676.592,2.0
503,STITTVILLE,-8377769.481,5344094.53,1.0
504,WEST HERKIMER,-8348498.025,5315072.611,
505,LYNN,-8233847.162,5278654.915,1.0
506,BRUNSWICK,-8190566.182,5271541.231,1.0
507,2738 LARKINVILLE,-8777228.999,5292244.358,
508,ROCK CUT,-8475267.409,5313653.415,1.0
509,106 GIBSON,-8796433.284,5329902.536,
510,NEWTONVILLE,-8211234.441,5271637.723,2.0
511,WETZEL RD,-8481465.563,5335041.398,
512,ROTTERDAM,-8237362.423,5285953.634,6.0
513,PROSPECT HILL,-8202002.536,5282112.203,1.0
514,NORTH BOMBAY,-8307552.155,5612723.877,1.0
515,POLAND CRCC,-8355974.345,5346256.278,
516,DELPHI,-8448192.92,5288648.42,1.0
517,MAPLE AVE,-8258245.11,5309672.487,
